{
  "properties": {
    "connectionReferences": {},
    "definition": {
      "$schema": "https://schema.management.azure.com/providers/Microsoft.Logic/schemas/2016-06-01/workflowdefinition.json#",
      "contentVersion": "1.0.0.0",
      "parameters": {
        "$authentication": {
          "defaultValue": {},
          "type": "SecureObject"
        }
      },
      "staticResults": {
        "HTTP0": {
          "status": "Succeeded",
          "outputs": {
            "statusCode": "OK",
            "headers": {}
          }
        }
      },
      "triggers": {
        "manual": {
          "metadata": {
            "operationMetadataId": "a7386cfe-4b18-4f01-8fe1-7eae5d70112d"
          },
          "type": "Request",
          "kind": "PowerApp",
          "inputs": {
            "schema": {
              "type": "object",
              "properties": {
                "PredictionInput_Inputs": {
                  "type": "any",
                  "description": "Inputs",
                  "x-ms-powerflows-param-ispartial": false
                }
              },
              "required": [
                "PredictionInput_Inputs"
              ]
            }
          }
        }
      },
      "actions": {
        "PredictionInput": {
          "runAfter": {
            "Output_Message": [
              "Succeeded"
            ]
          },
          "metadata": {
            "operationMetadataId": "c5a9a4e1-3ff5-4aee-b2e1-75f5a008fbdd"
          },
          "type": "Compose",
          "inputs": "@triggerBody()['PredictionInput_Inputs']"
        },
        "ML_Endpoint": {
          "runAfter": {
            "ML_API_Key": [
              "Succeeded"
            ]
          },
          "metadata": {
            "operationMetadataId": "3ac36351-5888-42af-99d5-8988532abf0e"
          },
          "type": "InitializeVariable",
          "inputs": {
            "variables": [
              {
                "name": "varMLEndPoint",
                "type": "string"
              }
            ]
          },
          "description": "Enter your endpoint URL as the value for this variable"
        },
        "Parse_JSON": {
          "runAfter": {
            "PredictionInput": [
              "Succeeded"
            ]
          },
          "metadata": {
            "operationMetadataId": "d9047066-c90a-49e4-af03-337556fd2ea6"
          },
          "type": "ParseJson",
          "inputs": {
            "content": "@outputs('PredictionInput')",
            "schema": {
              "type": "object",
              "properties": {
                "areaSquareMeter": {
                  "type": "number"
                },
                "location": {
                  "type": "integer"
                },
                "noOfRooms": {
                  "type": "integer"
                }
              }
            }
          }
        },
        "Invoke_ML": {
          "runAfter": {
            "Parse_JSON": [
              "Succeeded"
            ]
          },
          "metadata": {
            "operationMetadataId": "dda2bf9a-cc6a-4051-872a-d446e19be3f4"
          },
          "type": "Http",
          "inputs": {
            "method": "POST",
            "uri": "@variables('varMLEndPoint')",
            "headers": {
              "Content-Type": "application/json",
              "Authorization": "Bearer @{variables('varAPIKey')}"
            },
            "body": {
              "input_data": [
                [
                  [
                    "@body('Parse_JSON')?['noOfRooms']",
                    "@body('Parse_JSON')?['areaSquareMeter']",
                    "@body('Parse_JSON')?['location']"
                  ]
                ]
              ]
            }
          },
          "runtimeConfiguration": {
            "staticResult": {
              "staticResultOptions": "Disabled",
              "name": "HTTP0"
            }
          }
        },
        "Respond_to_a_PowerApp_or_flow": {
          "runAfter": {
            "Input_Error": [
              "Succeeded",
              "Skipped"
            ],
            "End_point_error": [
              "Succeeded",
              "Skipped"
            ],
            "Format_output_value": [
              "Succeeded"
            ]
          },
          "metadata": {
            "operationMetadataId": "f3a4d9ab-bd2e-4d6c-af28-6bd1595af6a5"
          },
          "type": "Response",
          "kind": "PowerApp",
          "inputs": {
            "statusCode": 200,
            "body": {
              "message": "@variables('varMessage')"
            },
            "schema": {
              "type": "object",
              "properties": {
                "message": {
                  "title": "message",
                  "x-ms-dynamically-added": true,
                  "type": "string"
                }
              }
            }
          }
        },
        "ML_API_Key": {
          "runAfter": {},
          "metadata": {
            "operationMetadataId": "65e9fa1b-50b0-4567-9820-03473b296fcb"
          },
          "type": "InitializeVariable",
          "inputs": {
            "variables": [
              {
                "name": "varAPIKey",
                "type": "string"
              }
            ]
          },
          "description": "Enter your endpoint auth key as the value for this variable"
        },
        "Output_Message": {
          "runAfter": {
            "ML_Endpoint": [
              "Succeeded"
            ]
          },
          "metadata": {
            "operationMetadataId": "cdc3a4f2-6d15-4a1d-8fed-085560262f0f"
          },
          "type": "InitializeVariable",
          "inputs": {
            "variables": [
              {
                "name": "varMessage",
                "type": "string"
              }
            ]
          }
        },
        "Input_Error": {
          "runAfter": {
            "Parse_JSON": [
              "Failed"
            ]
          },
          "metadata": {
            "operationMetadataId": "6460b750-c305-4b42-b6d1-86122a690adc"
          },
          "type": "SetVariable",
          "inputs": {
            "name": "varMessage",
            "value": "Error parsing input JSON. Check input values."
          }
        },
        "End_point_error": {
          "runAfter": {
            "Invoke_ML": [
              "Failed"
            ]
          },
          "metadata": {
            "operationMetadataId": "6db4de51-7b96-4ffe-a557-c3a73fd04d7c"
          },
          "type": "SetVariable",
          "inputs": {
            "name": "varMessage",
            "value": "End point failed - error @{coalesce(outputs('Invoke_ML')?['statuscode'], 'no endpoint provided')}. Check the run history in your Cloud Flow."
          }
        },
        "Format_output_value": {
          "runAfter": {
            "Parse_JSON_2": [
              "Succeeded"
            ]
          },
          "metadata": {
            "operationMetadataId": "0408f529-f552-484a-a0a0-ee7c23fb3911"
          },
          "type": "SetVariable",
          "inputs": {
            "name": "varMessage",
            "value": "@{mul(float(formatNumber(float(body('Parse_JSON_2')['output_data'][0][0]), '0')), 100000)}"
          }
        },
        "Parse_JSON_2": {
          "runAfter": {
            "Invoke_ML": [
              "Succeeded"
            ]
          },
          "metadata": {
            "operationMetadataId": "b1abc239-d653-4649-8a34-816c82f5b875"
          },
          "type": "ParseJson",
          "inputs": {
            "content": "@body('Invoke_ML')",
            "schema": {
              "type": "object",
              "properties": {
                "output_data": {
                  "type": "array",
                  "items": {
                    "type": "array",
                    "items": {
                      "type": "number"
                    }
                  }
                }
              }
            }
          }
        }
      },
      "outputs": {}
    },
    "templateName": ""
  },
  "schemaVersion": "1.0.0.0"
}